sample_name	species_id	pangenome_size	covered_genes	fraction_covered	mean_coverage	aligned_reads	mapped_reads	marker_coverage
20091FL-01-01-13	134387	2872	2178	0.758	22.266	686491	327885	29.807
20091FL-01-01-13	134387	2872	2178	0.758	22.266	686491	327885	29.807
20091FL-01-01-14	134387	2872	2185	0.761	20.281	526216	317931	12.371
20091FL-01-01-14	134387	2872	2185	0.761	20.281	526216	317931	12.371
20091FL-01-01-15	134387	2872	2172	0.756	16.538	574125	241436	4.368
20091FL-01-01-15	134387	2872	2172	0.756	16.538	574125	241436	4.368
20091FL-01-01-17	134387	2872	2250	0.783	13.644	458091	241092	10.881
20091FL-01-01-17	134387	2872	2250	0.783	13.644	458091	241092	10.881
20091FL-01-01-18	134387	2872	2178	0.758	26.656	802880	433289	7.512
20091FL-01-01-18	134387	2872	2178	0.758	26.656	802880	433289	7.512
20091FL-01-01-19	134387	2872	2275	0.792	80.404	2509139	1483140	61.022
20091FL-01-01-19	134387	2872	2275	0.792	80.404	2509139	1483140	61.022
20091FL-01-01-20	134387	2872	2286	0.796	85.903	2819648	1645934	100.767
20091FL-01-01-20	134387	2872	2286	0.796	85.903	2819648	1645934	100.767
20091FL-01-01-21	134387	2872	2234	0.778	89.005	2805373	1610823	63.198
20091FL-01-01-21	134387	2872	2234	0.778	89.005	2805373	1610823	63.198
20091FL-01-01-22	134387	2872	2203	0.767	36.019	1046254	603853	36.880
20091FL-01-01-22	134387	2872	2203	0.767	36.019	1046254	603853	36.880
20091FL-01-01-23	134387	2872	2193	0.764	40.789	1398423	708133	36.419
20091FL-01-01-23	134387	2872	2193	0.764	40.789	1398423	708133	36.419
20091FL-01-01-24	134387	2872	2241	0.780	99.418	3541556	1849583	80.966
20091FL-01-01-24	134387	2872	2241	0.780	99.418	3541556	1849583	80.966
20091FL-01-01-13	101273	8043	3227	0.401	32.309	1184429	637915	22.097
20091FL-01-01-13	101273	8043	3227	0.401	32.309	1184429	637915	22.097
20091FL-01-01-14	101273	8043	3031	0.377	15.290	505722	273461	15.343
20091FL-01-01-14	101273	8043	3031	0.377	15.290	505722	273461	15.343
20091FL-01-01-15	101273	8043	3015	0.375	17.559	703254	298824	7.432
20091FL-01-01-15	101273	8043	3015	0.375	17.559	703254	298824	7.432
20091FL-01-01-17	101273	8043	3682	0.458	33.498	1614698	907433	46.583
20091FL-01-01-17	101273	8043	3682	0.458	33.498	1614698	907433	46.583
20091FL-01-01-18	101273	8043	3065	0.381	10.300	421627	195201	2.686
20091FL-01-01-18	101273	8043	3065	0.381	10.300	421627	195201	2.686
20091FL-01-01-19	101273	8043	3573	0.444	64.470	2968930	1652241	71.582
20091FL-01-01-19	101273	8043	3573	0.444	64.470	2968930	1652241	71.582
20091FL-01-01-20	101273	8043	3853	0.479	55.017	3074872	1584494	57.871
20091FL-01-01-20	101273	8043	3853	0.479	55.017	3074872	1584494	57.871
20091FL-01-01-21	101273	8043	3212	0.399	51.447	2270417	1110098	37.522
20091FL-01-01-21	101273	8043	3212	0.399	51.447	2270417	1110098	37.522
20091FL-01-01-22	101273	8043	3030	0.377	30.213	1105363	557187	23.175
20091FL-01-01-22	101273	8043	3030	0.377	30.213	1105363	557187	23.175
20091FL-01-01-23	101273	8043	2968	0.369	22.857	1065524	415734	15.046
20091FL-01-01-23	101273	8043	2968	0.369	22.857	1065524	415734	15.046
20091FL-01-01-24	101273	8043	3352	0.417	59.491	3401334	1407121	46.009
20091FL-01-01-24	101273	8043	3352	0.417	59.491	3401334	1407121	46.009
20091FL-01-01-13	101380	6259	3625	0.579	35.818	1702483	940689	29.756
20091FL-01-01-13	101380	6259	3625	0.579	35.818	1702483	940689	29.756
20091FL-01-01-14	101380	6259	3927	0.627	16.999	1161185	561573	16.111
20091FL-01-01-14	101380	6259	3927	0.627	16.999	1161185	561573	16.111
20091FL-01-01-15	101380	6259	3668	0.586	127.620	7024658	3541762	123.780
20091FL-01-01-15	101380	6259	3668	0.586	127.620	7024658	3541762	123.780
20091FL-01-01-17	101380	6259	3815	0.610	49.503	2782376	1601487	51.059
20091FL-01-01-17	101380	6259	3815	0.610	49.503	2782376	1601487	51.059
20091FL-01-01-18	101380	6259	3864	0.617	12.297	902027	387073	11.602
20091FL-01-01-18	101380	6259	3864	0.617	12.297	902027	387073	11.602
20091FL-01-01-19	101380	6259	3668	0.586	21.113	1217686	573905	18.330
20091FL-01-01-19	101380	6259	3668	0.586	21.113	1217686	573905	18.330
20091FL-01-01-20	101380	6259	3767	0.602	30.346	1937814	952321	36.404
20091FL-01-01-20	101380	6259	3767	0.602	30.346	1937814	952321	36.404
20091FL-01-01-21	101380	6259	2878	0.460	20.271	787301	301611	1.982
20091FL-01-01-21	101380	6259	2878	0.460	20.271	787301	301611	1.982
20091FL-01-01-22	101380	6259	3346	0.535	17.606	898968	397921	9.823
20091FL-01-01-22	101380	6259	3346	0.535	17.606	898968	397921	9.823
20091FL-01-01-23	101380	6259	2739	0.438	9.908	465002	131890	1.614
20091FL-01-01-23	101380	6259	2739	0.438	9.908	465002	131890	1.614
20091FL-01-01-24	101380	6259	3335	0.533	36.686	2376002	902954	35.528
20091FL-01-01-24	101380	6259	3335	0.533	36.686	2376002	902954	35.528
20091FL-01-01-13	100291	21219	2878	0.136	33.051	963446	415347	16.431
20091FL-01-01-13	100291	21219	2878	0.136	33.051	963446	415347	16.431
20091FL-01-01-14	100291	21219	5265	0.248	14.856	1164707	446772	25.314
20091FL-01-01-14	100291	21219	5265	0.248	14.856	1164707	446772	25.314
20091FL-01-01-15	100291	21219	3660	0.172	11.414	564325	183014	4.485
20091FL-01-01-15	100291	21219	3660	0.172	11.414	564325	183014	4.485
20091FL-01-01-17	100291	21219	3541	0.167	13.208	719918	258833	14.535
20091FL-01-01-17	100291	21219	3541	0.167	13.208	719918	258833	14.535
20091FL-01-01-18	100291	21219	4945	0.233	9.918	785046	253989	8.341
20091FL-01-01-18	100291	21219	4945	0.233	9.918	785046	253989	8.341
20091FL-01-01-19	100291	21219	4588	0.216	23.914	1391649	585365	53.738
20091FL-01-01-19	100291	21219	4588	0.216	23.914	1391649	585365	53.738
20091FL-01-01-20	100291	21219	5661	0.267	22.442	2636213	771310	44.463
20091FL-01-01-20	100291	21219	5661	0.267	22.442	2636213	771310	44.463
20091FL-01-01-21	100291	21219	2281	0.107	14.335	475750	110209	5.827
20091FL-01-01-21	100291	21219	2281	0.107	14.335	475750	110209	5.827
20091FL-01-01-22	100291	21219	3434	0.162	23.840	1075036	363373	22.590
20091FL-01-01-22	100291	21219	3434	0.162	23.840	1075036	363373	22.590
20091FL-01-01-23	100291	21219	2978	0.140	15.019	1071346	174840	4.817
20091FL-01-01-23	100291	21219	2978	0.140	15.019	1071346	174840	4.817
20091FL-01-01-24	100291	21219	3368	0.159	20.911	2004352	343325	27.956
20091FL-01-01-24	100291	21219	3368	0.159	20.911	2004352	343325	27.956
20091FL-01-01-13	101186	7522	2979	0.396	17.641	550947	204866	2.356
20091FL-01-01-13	101186	7522	2979	0.396	17.641	550947	204866	2.356
20091FL-01-01-14	101186	7522	3347	0.445	10.723	378597	162645	5.841
20091FL-01-01-14	101186	7522	3347	0.445	10.723	378597	162645	5.841
20091FL-01-01-15	101186	7522	3035	0.403	14.396	597111	174462	4.357
20091FL-01-01-15	101186	7522	3035	0.403	14.396	597111	174462	4.357
20091FL-01-01-17	101186	7522	3881	0.516	11.274	591949	242155	11.539
20091FL-01-01-17	101186	7522	3881	0.516	11.274	591949	242155	11.539
20091FL-01-01-18	101186	7522	3340	0.444	6.069	278935	91245	3.172
20091FL-01-01-18	101186	7522	3340	0.444	6.069	278935	91245	3.172
20091FL-01-01-19	101186	7522	4052	0.539	30.135	1618456	677770	41.462
20091FL-01-01-19	101186	7522	4052	0.539	30.135	1618456	677770	41.462
20091FL-01-01-20	101186	7522	4326	0.575	33.847	2274811	974952	58.235
20091FL-01-01-20	101186	7522	4326	0.575	33.847	2274811	974952	58.235
20091FL-01-01-21	101186	7522	3551	0.472	28.821	1357147	517942	43.023
20091FL-01-01-21	101186	7522	3551	0.472	28.821	1357147	517942	43.023
20091FL-01-01-22	101186	7522	3688	0.490	34.505	1551517	722021	50.765
20091FL-01-01-22	101186	7522	3688	0.490	34.505	1551517	722021	50.765
20091FL-01-01-23	101186	7522	3520	0.468	27.133	1464358	528328	32.160
20091FL-01-01-23	101186	7522	3520	0.468	27.133	1464358	528328	32.160
20091FL-01-01-24	101186	7522	4055	0.539	59.867	4149801	1586000	94.898
20091FL-01-01-24	101186	7522	4055	0.539	59.867	4149801	1586000	94.898
20091FL-01-01-13	109416	2527	1721	0.681	21.118	251278	149074	2.050
20091FL-01-01-13	109416	2527	1721	0.681	21.118	251278	149074	2.050
20091FL-01-01-14	109416	2527	2064	0.817	21.656	433063	267778	18.804
20091FL-01-01-14	109416	2527	2064	0.817	21.656	433063	267778	18.804
20091FL-01-01-15	109416	2527	1708	0.676	12.809	174415	84495	2.058
20091FL-01-01-15	109416	2527	1708	0.676	12.809	174415	84495	2.058
20091FL-01-01-17	109416	2527	2039	0.807	8.555	179072	105028	5.030
20091FL-01-01-17	109416	2527	2039	0.807	8.555	179072	105028	5.030
20091FL-01-01-18	109416	2527	1925	0.762	16.374	330445	178715	3.899
20091FL-01-01-18	109416	2527	1925	0.762	16.374	330445	178715	3.899
20091FL-01-01-19	109416	2527	2117	0.838	29.480	626978	394614	23.384
20091FL-01-01-19	109416	2527	2117	0.838	29.480	626978	394614	23.384
20091FL-01-01-20	109416	2527	2192	0.867	57.887	1611683	924166	58.214
20091FL-01-01-20	109416	2527	2192	0.867	57.887	1611683	924166	58.214
20091FL-01-01-21	109416	2527	1949	0.771	26.392	543235	291744	30.269
20091FL-01-01-21	109416	2527	1949	0.771	26.392	543235	291744	30.269
20091FL-01-01-22	109416	2527	2048	0.810	30.842	641508	378809	16.259
20091FL-01-01-22	109416	2527	2048	0.810	30.842	641508	378809	16.259
20091FL-01-01-23	109416	2527	1867	0.739	14.877	340370	145772	8.170
20091FL-01-01-23	109416	2527	1867	0.739	14.877	340370	145772	8.170
20091FL-01-01-24	109416	2527	2174	0.860	83.686	2813222	1327295	57.659
20091FL-01-01-24	109416	2527	2174	0.860	83.686	2813222	1327295	57.659
20091FL-01-01-13	104604	3836	1960	0.511	15.559	253437	120206	2.781
20091FL-01-01-13	104604	3836	1960	0.511	15.559	253437	120206	2.781
20091FL-01-01-14	104604	3836	2324	0.606	9.057	189750	105364	4.878
20091FL-01-01-14	104604	3836	2324	0.606	9.057	189750	105364	4.878
20091FL-01-01-15	104604	3836	2101	0.548	11.653	256773	104457	1.974
20091FL-01-01-15	104604	3836	2101	0.548	11.653	256773	104457	1.974
20091FL-01-01-17	104604	3836	2431	0.634	6.800	197016	97407	6.279
20091FL-01-01-17	104604	3836	2431	0.634	6.800	197016	97407	6.279
20091FL-01-01-18	104604	3836	2373	0.619	7.330	208660	100197	3.170
20091FL-01-01-18	104604	3836	2373	0.619	7.330	208660	100197	3.170
20091FL-01-01-19	104604	3836	2637	0.687	28.854	913203	513899	32.452
20091FL-01-01-19	104604	3836	2637	0.687	28.854	913203	513899	32.452
20091FL-01-01-20	104604	3836	2781	0.725	42.638	1730529	943975	50.930
20091FL-01-01-20	104604	3836	2781	0.725	42.638	1730529	943975	50.930
20091FL-01-01-21	104604	3836	2377	0.620	25.157	737777	348697	23.329
20091FL-01-01-21	104604	3836	2377	0.620	25.157	737777	348697	23.329
20091FL-01-01-22	104604	3836	2515	0.656	29.544	864622	472111	33.972
20091FL-01-01-22	104604	3836	2515	0.656	29.544	864622	472111	33.972
20091FL-01-01-23	104604	3836	2235	0.583	12.992	391828	151742	4.791
20091FL-01-01-23	104604	3836	2235	0.583	12.992	391828	151742	4.791
20091FL-01-01-24	104604	3836	2705	0.705	82.578	3824866	1749619	105.190
20091FL-01-01-24	104604	3836	2705	0.705	82.578	3824866	1749619	105.190
20091FL-01-01-13	108278	3355	2010	0.599	26.826	549709	333977	11.489
20091FL-01-01-13	108278	3355	2010	0.599	26.826	549709	333977	11.489
20091FL-01-01-14	108278	3355	1777	0.530	10.840	159931	89189	3.000
20091FL-01-01-14	108278	3355	1777	0.530	10.840	159931	89189	3.000
20091FL-01-01-15	108278	3355	1830	0.545	19.011	365424	175424	2.273
20091FL-01-01-15	108278	3355	1830	0.545	19.011	365424	175424	2.273
20091FL-01-01-17	108278	3355	2243	0.669	38.998	1184177	736575	33.809
20091FL-01-01-17	108278	3355	2243	0.669	38.998	1184177	736575	33.809
20091FL-01-01-18	108278	3355	1808	0.539	5.861	113644	58075	1.825
20091FL-01-01-18	108278	3355	1808	0.539	5.861	113644	58075	1.825
20091FL-01-01-19	108278	3355	2172	0.647	29.028	815426	476755	28.755
20091FL-01-01-19	108278	3355	2172	0.647	29.028	815426	476755	28.755
20091FL-01-01-20	108278	3355	2189	0.652	23.425	800199	430687	21.530
20091FL-01-01-20	108278	3355	2189	0.652	23.425	800199	430687	21.530
20091FL-01-01-21	108278	3355	1941	0.579	28.174	665553	334630	9.562
20091FL-01-01-21	108278	3355	1941	0.579	28.174	665553	334630	9.562
20091FL-01-01-22	108278	3355	1788	0.533	18.325	295502	155213	4.848
20091FL-01-01-22	108278	3355	1788	0.533	18.325	295502	155213	4.848
20091FL-01-01-23	108278	3355	1701	0.507	15.366	317578	129994	11.963
20091FL-01-01-23	108278	3355	1701	0.507	15.366	317578	129994	11.963
20091FL-01-01-24	108278	3355	1978	0.590	27.665	843318	367603	17.864
20091FL-01-01-24	108278	3355	1978	0.590	27.665	843318	367603	17.864
20091FL-01-01-13	101701	4744	2680	0.565	22.732	495245	253215	33.506
20091FL-01-01-13	101701	4744	2680	0.565	22.732	495245	253215	33.506
20091FL-01-01-14	101701	4744	1716	0.362	4.246	62524	20940	2.138
20091FL-01-01-14	101701	4744	1716	0.362	4.246	62524	20940	2.138
20091FL-01-01-15	101701	4744	2721	0.574	26.556	701416	311319	7.142
20091FL-01-01-15	101701	4744	2721	0.574	26.556	701416	311319	7.142
20091FL-01-01-17	101701	4744	3138	0.661	15.125	574351	277566	21.452
20091FL-01-01-17	101701	4744	3138	0.661	15.125	574351	277566	21.452
20091FL-01-01-18	101701	4744	2080	0.438	3.097	69701	23010	1.570
20091FL-01-01-18	101701	4744	2080	0.438	3.097	69701	23010	1.570
20091FL-01-01-19	101701	4744	3227	0.680	36.120	1296132	671611	51.126
20091FL-01-01-19	101701	4744	3227	0.680	36.120	1296132	671611	51.126
20091FL-01-01-20	101701	4744	2910	0.613	11.646	439399	185330	8.457
20091FL-01-01-20	101701	4744	2910	0.613	11.646	439399	185330	8.457
20091FL-01-01-21	101701	4744	2529	0.533	26.510	706507	290055	10.899
20091FL-01-01-21	101701	4744	2529	0.533	26.510	706507	290055	10.899
20091FL-01-01-22	101701	4744	1776	0.374	13.875	166929	70561	5.675
20091FL-01-01-22	101701	4744	1776	0.374	13.875	166929	70561	5.675
20091FL-01-01-23	101701	4744	1865	0.393	8.871	175746	50255	1.984
20091FL-01-01-23	101701	4744	1865	0.393	8.871	175746	50255	1.984
20091FL-01-01-24	101701	4744	2509	0.529	20.955	689080	226939	14.657
20091FL-01-01-24	101701	4744	2509	0.529	20.955	689080	226939	14.657
20091FL-01-01-13	100131	41905	2681	0.064	14.570	611633	100828	20.815
20091FL-01-01-13	100131	41905	2681	0.064	14.570	611633	100828	20.815
20091FL-01-01-14	100131	41905	6530	0.156	10.484	1201931	293566	17.937
20091FL-01-01-14	100131	41905	6530	0.156	10.484	1201931	293566	17.937
20091FL-01-01-15	100131	41905	3588	0.086	9.173	764061	81083	4.689
20091FL-01-01-15	100131	41905	3588	0.086	9.173	764061	81083	4.689
20091FL-01-01-17	100131	41905	4722	0.113	5.559	776444	90547	5.584
20091FL-01-01-17	100131	41905	4722	0.113	5.559	776444	90547	5.584
20091FL-01-01-18	100131	41905	6412	0.153	11.172	1442491	272432	10.648
20091FL-01-01-18	100131	41905	6412	0.153	11.172	1442491	272432	10.648
20091FL-01-01-19	100131	41905	5681	0.136	16.562	1363437	407732	32.947
20091FL-01-01-19	100131	41905	5681	0.136	16.562	1363437	407732	32.947
20091FL-01-01-20	100131	41905	7782	0.186	20.022	2987815	850226	68.652
20091FL-01-01-20	100131	41905	7782	0.186	20.022	2987815	850226	68.652
20091FL-01-01-21	100131	41905	2520	0.060	14.614	742083	105258	11.983
20091FL-01-01-21	100131	41905	2520	0.060	14.614	742083	105258	11.983
20091FL-01-01-22	100131	41905	4099	0.098	19.796	1301713	288398	32.250
20091FL-01-01-22	100131	41905	4099	0.098	19.796	1301713	288398	32.250
20091FL-01-01-23	100131	41905	2345	0.056	8.563	628750	56011	1.889
20091FL-01-01-23	100131	41905	2345	0.056	8.563	628750	56011	1.889
20091FL-01-01-24	100131	41905	4955	0.118	23.868	3106029	507772	50.458
20091FL-01-01-24	100131	41905	4955	0.118	23.868	3106029	507772	50.458
20091FL-01-01-13	113213	3426	2089	0.610	25.899	438838	235614	6.609
20091FL-01-01-13	113213	3426	2089	0.610	25.899	438838	235614	6.609
20091FL-01-01-14	113213	3426	1740	0.508	9.437	116670	57930	0.000
20091FL-01-01-14	113213	3426	1740	0.508	9.437	116670	57930	0.000
20091FL-01-01-15	113213	3426	1930	0.563	18.659	335157	142789	1.465
20091FL-01-01-15	113213	3426	1930	0.563	18.659	335157	142789	1.465
20091FL-01-01-17	113213	3426	2419	0.706	11.211	337994	178129	5.861
20091FL-01-01-17	113213	3426	2419	0.706	11.211	337994	178129	5.861
20091FL-01-01-18	113213	3426	1778	0.519	7.794	116178	51330	1.207
20091FL-01-01-18	113213	3426	1778	0.519	7.794	116178	51330	1.207
20091FL-01-01-19	113213	3426	2441	0.712	25.320	725384	391295	24.593
20091FL-01-01-19	113213	3426	2441	0.712	25.320	725384	391295	24.593
20091FL-01-01-20	113213	3426	2488	0.726	17.674	661254	318440	19.944
20091FL-01-01-20	113213	3426	2488	0.726	17.674	661254	318440	19.944
20091FL-01-01-21	113213	3426	2151	0.628	28.718	651072	308164	7.923
20091FL-01-01-21	113213	3426	2151	0.628	28.718	651072	308164	7.923
20091FL-01-01-22	113213	3426	1827	0.533	16.944	244489	115474	2.422
20091FL-01-01-22	113213	3426	1827	0.533	16.944	244489	115474	2.422
20091FL-01-01-23	113213	3426	1858	0.542	13.906	291372	107875	0.000
20091FL-01-01-23	113213	3426	1858	0.542	13.906	291372	107875	0.000
20091FL-01-01-24	113213	3426	2164	0.632	22.851	713056	264283	14.699
20091FL-01-01-24	113213	3426	2164	0.632	22.851	713056	264283	14.699
20091FL-01-01-13	101047	9259	2748	0.297	19.117	527082	197942	1.733
20091FL-01-01-13	101047	9259	2748	0.297	19.117	527082	197942	1.733
20091FL-01-01-14	101047	9259	3248	0.351	8.166	246671	98210	1.967
20091FL-01-01-14	101047	9259	3248	0.351	8.166	246671	98210	1.967
20091FL-01-01-15	101047	9259	2766	0.299	12.941	488363	148258	1.000
20091FL-01-01-15	101047	9259	2766	0.299	12.941	488363	148258	1.000
20091FL-01-01-17	101047	9259	3779	0.408	8.467	431181	165046	3.773
20091FL-01-01-17	101047	9259	3779	0.408	8.467	431181	165046	3.773
20091FL-01-01-18	101047	9259	3355	0.362	6.896	270569	95786	1.958
20091FL-01-01-18	101047	9259	3355	0.362	6.896	270569	95786	1.958
20091FL-01-01-19	101047	9259	4333	0.468	28.744	1623401	706427	28.598
20091FL-01-01-19	101047	9259	4333	0.468	28.744	1623401	706427	28.598
20091FL-01-01-20	101047	9259	4375	0.473	18.497	1345680	506988	15.935
20091FL-01-01-20	101047	9259	4375	0.473	18.497	1345680	506988	15.935
20091FL-01-01-21	101047	9259	3453	0.373	27.373	1225879	441105	21.993
20091FL-01-01-21	101047	9259	3453	0.373	27.373	1225879	441105	21.993
20091FL-01-01-22	101047	9259	2884	0.311	18.509	559440	213490	3.464
20091FL-01-01-22	101047	9259	2884	0.311	18.509	559440	213490	3.464
20091FL-01-01-23	101047	9259	2941	0.318	15.458	621054	176981	2.564
20091FL-01-01-23	101047	9259	2941	0.318	15.458	621054	176981	2.564
20091FL-01-01-24	101047	9259	3531	0.381	27.977	1712167	513629	6.856
20091FL-01-01-24	101047	9259	3531	0.381	27.977	1712167	513629	6.856
20091FL-01-01-13	126778	2430	1378	0.567	3.124	30789	12224	1.833
20091FL-01-01-13	126778	2430	1378	0.567	3.124	30789	12224	1.833
20091FL-01-01-14	126778	2430	1657	0.682	2.707	36529	15740	2.641
20091FL-01-01-14	126778	2430	1657	0.682	2.707	36529	15740	2.641
20091FL-01-01-15	126778	2430	1820	0.749	2.733	45313	20101	2.315
20091FL-01-01-15	126778	2430	1820	0.749	2.733	45313	20101	2.315
20091FL-01-01-17	126778	2430	1987	0.818	2.917	59162	29384	2.568
20091FL-01-01-17	126778	2430	1987	0.818	2.917	59162	29384	2.568
20091FL-01-01-18	126778	2430	2085	0.858	3.397	76780	39088	2.258
20091FL-01-01-18	126778	2430	2085	0.858	3.397	76780	39088	2.258
20091FL-01-01-19	126778	2430	2207	0.908	42.791	950145	609077	46.886
20091FL-01-01-19	126778	2430	2207	0.908	42.791	950145	609077	46.886
20091FL-01-01-20	126778	2430	2232	0.919	94.828	2427009	1467473	73.395
20091FL-01-01-20	126778	2430	2232	0.919	94.828	2427009	1467473	73.395
20091FL-01-01-21	126778	2430	2113	0.870	30.817	660953	376679	22.367
20091FL-01-01-21	126778	2430	2113	0.870	30.817	660953	376679	22.367
20091FL-01-01-22	126778	2430	2179	0.897	40.377	904186	541636	35.627
20091FL-01-01-22	126778	2430	2179	0.897	40.377	904186	541636	35.627
20091FL-01-01-23	126778	2430	2033	0.837	15.780	366686	175192	4.540
20091FL-01-01-23	126778	2430	2033	0.837	15.780	366686	175192	4.540
20091FL-01-01-24	126778	2430	2220	0.914	116.548	3516843	1794501	81.029
20091FL-01-01-24	126778	2430	2220	0.914	116.548	3516843	1794501	81.029
20091FL-01-01-13	142728	4223	3151	0.746	34.847	874369	475046	3.629
20091FL-01-01-13	142728	4223	3151	0.746	34.847	874369	475046	3.629
20091FL-01-01-14	142728	4223	3568	0.845	35.059	1502668	805295	33.788
20091FL-01-01-14	142728	4223	3568	0.845	35.059	1502668	805295	33.788
20091FL-01-01-15	142728	4223	2704	0.640	31.394	652598	293199	2.495
20091FL-01-01-15	142728	4223	2704	0.640	31.394	652598	293199	2.495
20091FL-01-01-17	142728	4223	3573	0.846	15.858	773406	360283	10.521
20091FL-01-01-17	142728	4223	3573	0.846	15.858	773406	360283	10.521
20091FL-01-01-18	142728	4223	3145	0.745	47.702	1420114	690758	17.583
20091FL-01-01-18	142728	4223	3145	0.745	47.702	1420114	690758	17.583
20091FL-01-01-19	142728	4223	2459	0.582	3.219	79094	25823	1.514
20091FL-01-01-19	142728	4223	2459	0.582	3.219	79094	25823	1.514
20091FL-01-01-20	142728	4223	2193	0.519	3.188	60647	19902	0.534
20091FL-01-01-20	142728	4223	2193	0.519	3.188	60647	19902	0.534
20091FL-01-01-21	142728	4223	395	0.094	4.155	22305	3113	0.000
20091FL-01-01-21	142728	4223	395	0.094	4.155	22305	3113	0.000
20091FL-01-01-22	142728	4223	606	0.143	3.133	15956	3351	0.000
20091FL-01-01-22	142728	4223	606	0.143	3.133	15956	3351	0.000
20091FL-01-01-23	142728	4223	202	0.048	4.550	13547	1675	0.000
20091FL-01-01-23	142728	4223	202	0.048	4.550	13547	1675	0.000
20091FL-01-01-24	142728	4223	78	0.018	16.716	22719	2342	0.000
20091FL-01-01-24	142728	4223	78	0.018	16.716	22719	2342	0.000
20091FL-01-01-13	119889	4966	3463	0.697	49.425	1603644	859727	17.775
20091FL-01-01-13	119889	4966	3463	0.697	49.425	1603644	859727	17.775
20091FL-01-01-14	119889	4966	3181	0.641	22.237	840523	314102	2.282
20091FL-01-01-14	119889	4966	3181	0.641	22.237	840523	314102	2.282
20091FL-01-01-15	119889	4966	3134	0.631	46.646	1350678	597756	11.430
20091FL-01-01-15	119889	4966	3134	0.631	46.646	1350678	597756	11.430
20091FL-01-01-17	119889	4966	3833	0.772	34.859	1762477	833104	25.707
20091FL-01-01-17	119889	4966	3833	0.772	34.859	1762477	833104	25.707
20091FL-01-01-18	119889	4966	2460	0.495	31.123	902447	293908	1.164
20091FL-01-01-18	119889	4966	2460	0.495	31.123	902447	293908	1.164
20091FL-01-01-19	119889	4966	2957	0.595	6.473	220785	74341	1.791
20091FL-01-01-19	119889	4966	2957	0.595	6.473	220785	74341	1.791
20091FL-01-01-20	119889	4966	2114	0.426	4.303	119447	30495	0.000
20091FL-01-01-20	119889	4966	2114	0.426	4.303	119447	30495	0.000
20091FL-01-01-21	119889	4966	911	0.183	9.587	87653	17932	0.000
20091FL-01-01-21	119889	4966	911	0.183	9.587	87653	17932	0.000
20091FL-01-01-22	119889	4966	365	0.073	10.546	36375	7937	0.000
20091FL-01-01-22	119889	4966	365	0.073	10.546	36375	7937	0.000
20091FL-01-01-23	119889	4966	574	0.116	8.855	51408	9175	0.000
20091FL-01-01-23	119889	4966	574	0.116	8.855	51408	9175	0.000
20091FL-01-01-24	119889	4966	346	0.070	18.751	82612	12880	0.000
20091FL-01-01-24	119889	4966	346	0.070	18.751	82612	12880	0.000
20091FL-01-01-13	141133	3911	2400	0.614	12.998	346923	102327	1.464
20091FL-01-01-13	141133	3911	2400	0.614	12.998	346923	102327	1.464
20091FL-01-01-14	141133	3911	3248	0.830	26.752	1309775	489260	17.427
20091FL-01-01-14	141133	3911	3248	0.830	26.752	1309775	489260	17.427
20091FL-01-01-15	141133	3911	1999	0.511	41.091	570278	196067	0.000
20091FL-01-01-15	141133	3911	1999	0.511	41.091	570278	196067	0.000
20091FL-01-01-17	141133	3911	3342	0.855	17.852	1153396	371153	13.209
20091FL-01-01-17	141133	3911	3342	0.855	17.852	1153396	371153	13.209
20091FL-01-01-18	141133	3911	2966	0.758	56.475	1919469	721524	12.974
20091FL-01-01-18	141133	3911	2966	0.758	56.475	1919469	721524	12.974
20091FL-01-01-19	141133	3911	2377	0.608	3.403	116381	26921	1.751
20091FL-01-01-19	141133	3911	2377	0.608	3.403	116381	26921	1.751
20091FL-01-01-20	141133	3911	2165	0.554	3.427	95100	23605	0.000
20091FL-01-01-20	141133	3911	2165	0.554	3.427	95100	23605	0.000
20091FL-01-01-21	141133	3911	260	0.066	9.303	37647	5940	0.000
20091FL-01-01-21	141133	3911	260	0.066	9.303	37647	5940	0.000
20091FL-01-01-22	141133	3911	493	0.126	3.272	23600	3714	0.000
20091FL-01-01-22	141133	3911	493	0.126	3.272	23600	3714	0.000
20091FL-01-01-23	141133	3911	144	0.037	5.415	20477	1667	0.000
20091FL-01-01-23	141133	3911	144	0.037	5.415	20477	1667	0.000
20091FL-01-01-24	141133	3911	96	0.025	18.779	42696	5020	0.000
20091FL-01-01-24	141133	3911	96	0.025	18.779	42696	5020	0.000
20091FL-01-01-13	132071	3394	1241	0.366	23.681	199558	79197	0.000
20091FL-01-01-13	132071	3394	1241	0.366	23.681	199558	79197	0.000
20091FL-01-01-14	132071	3394	2547	0.750	20.141	464240	227613	17.834
20091FL-01-01-14	132071	3394	2547	0.750	20.141	464240	227613	17.834
20091FL-01-01-15	132071	3394	912	0.269	26.854	177084	59357	0.000
20091FL-01-01-15	132071	3394	912	0.269	26.854	177084	59357	0.000
20091FL-01-01-17	132071	3394	2072	0.610	11.067	243971	88003	3.831
20091FL-01-01-17	132071	3394	2072	0.610	11.067	243971	88003	3.831
20091FL-01-01-18	132071	3394	2099	0.618	47.147	665891	317162	37.669
20091FL-01-01-18	132071	3394	2099	0.618	47.147	665891	317162	37.669
20091FL-01-01-19	132071	3394	1017	0.300	4.500	41656	11043	0.000
20091FL-01-01-19	132071	3394	1017	0.300	4.500	41656	11043	0.000
20091FL-01-01-20	132071	3394	1065	0.314	3.796	34618	9258	0.000
20091FL-01-01-20	132071	3394	1065	0.314	3.796	34618	9258	0.000
20091FL-01-01-21	132071	3394	100	0.029	15.093	21897	2800	0.000
20091FL-01-01-21	132071	3394	100	0.029	15.093	21897	2800	0.000
20091FL-01-01-22	132071	3394	217	0.064	3.837	10560	1735	0.000
20091FL-01-01-22	132071	3394	217	0.064	3.837	10560	1735	0.000
20091FL-01-01-23	132071	3394	73	0.022	12.899	13254	1528	0.000
20091FL-01-01-23	132071	3394	73	0.022	12.899	13254	1528	0.000
20091FL-01-01-24	132071	3394	83	0.024	15.964	21119	2113	0.000
20091FL-01-01-24	132071	3394	83	0.024	15.964	21119	2113	0.000
20091FL-01-01-13	130755	3525	1420	0.403	19.698	227109	66655	0.000
20091FL-01-01-13	130755	3525	1420	0.403	19.698	227109	66655	0.000
20091FL-01-01-14	130755	3525	2452	0.696	17.222	409797	176133	12.449
20091FL-01-01-14	130755	3525	2452	0.696	17.222	409797	176133	12.449
20091FL-01-01-15	130755	3525	1326	0.376	19.533	217853	56580	1.588
20091FL-01-01-15	130755	3525	1326	0.376	19.533	217853	56580	1.588
20091FL-01-01-17	130755	3525	2372	0.673	9.132	303148	88822	3.563
20091FL-01-01-17	130755	3525	2372	0.673	9.132	303148	88822	3.563
20091FL-01-01-18	130755	3525	2073	0.588	38.565	627163	259604	13.400
20091FL-01-01-18	130755	3525	2073	0.588	38.565	627163	259604	13.400
20091FL-01-01-19	130755	3525	1887	0.535	17.251	224432	94003	10.702
20091FL-01-01-19	130755	3525	1887	0.535	17.251	224432	94003	10.702
20091FL-01-01-20	130755	3525	2143	0.608	8.023	173792	65436	2.000
20091FL-01-01-20	130755	3525	2143	0.608	8.023	173792	65436	2.000
20091FL-01-01-21	130755	3525	917	0.260	25.952	129514	43486	0.000
20091FL-01-01-21	130755	3525	917	0.260	25.952	129514	43486	0.000
20091FL-01-01-22	130755	3525	848	0.241	16.854	69847	25933	0.000
20091FL-01-01-22	130755	3525	848	0.241	16.854	69847	25933	0.000
20091FL-01-01-23	130755	3525	850	0.241	17.197	95524	22786	0.000
20091FL-01-01-23	130755	3525	850	0.241	17.197	95524	22786	0.000
20091FL-01-01-24	130755	3525	1134	0.322	21.312	161753	46453	0.000
20091FL-01-01-24	130755	3525	1134	0.322	21.312	161753	46453	0.000
20091FL-01-01-13	112461	3961	2283	0.576	23.335	420496	181909	1.351
20091FL-01-01-13	112461	3961	2283	0.576	23.335	420496	181909	1.351
20091FL-01-01-14	112461	3961	3233	0.816	30.699	1153419	610691	19.650
20091FL-01-01-14	112461	3961	3233	0.816	30.699	1153419	610691	19.650
20091FL-01-01-15	112461	3961	1878	0.474	27.064	406370	150753	1.000
20091FL-01-01-15	112461	3961	1878	0.474	27.064	406370	150753	1.000
20091FL-01-01-17	112461	3961	3198	0.807	14.331	579675	242858	7.818
20091FL-01-01-17	112461	3961	3198	0.807	14.331	579675	242858	7.818
20091FL-01-01-18	112461	3961	3047	0.769	69.678	2253137	1164189	30.477
20091FL-01-01-18	112461	3961	3047	0.769	69.678	2253137	1164189	30.477
20091FL-01-01-19	112461	3961	2275	0.574	5.668	147808	43888	1.269
20091FL-01-01-19	112461	3961	2275	0.574	5.668	147808	43888	1.269
20091FL-01-01-20	112461	3961	2353	0.594	4.007	103653	33914	1.491
20091FL-01-01-20	112461	3961	2353	0.594	4.007	103653	33914	1.491
20091FL-01-01-21	112461	3961	366	0.092	20.847	77911	14856	0.000
20091FL-01-01-21	112461	3961	366	0.092	20.847	77911	14856	0.000
20091FL-01-01-22	112461	3961	764	0.193	4.083	28697	7064	0.000
20091FL-01-01-22	112461	3961	764	0.193	4.083	28697	7064	0.000
20091FL-01-01-23	112461	3961	315	0.080	17.460	52113	8629	0.000
20091FL-01-01-23	112461	3961	315	0.080	17.460	52113	8629	0.000
20091FL-01-01-24	112461	3961	244	0.062	20.898	59159	9519	0.000
20091FL-01-01-24	112461	3961	244	0.062	20.898	59159	9519	0.000
20091FL-01-01-13	112211	9299	3793	0.408	26.704	953635	364400	1.000
20091FL-01-01-13	112211	9299	3793	0.408	26.704	953635	364400	1.000
20091FL-01-01-14	112211	9299	5528	0.594	30.710	2166443	985222	37.864
20091FL-01-01-14	112211	9299	5528	0.594	30.710	2166443	985222	37.864
20091FL-01-01-15	112211	9299	3119	0.335	29.582	892735	287720	1.000
20091FL-01-01-15	112211	9299	3119	0.335	29.582	892735	287720	1.000
20091FL-01-01-17	112211	9299	5267	0.566	17.432	1439278	510321	11.643
20091FL-01-01-17	112211	9299	5267	0.566	17.432	1439278	510321	11.643
20091FL-01-01-18	112211	9299	4983	0.536	59.551	3230288	1416639	47.269
20091FL-01-01-18	112211	9299	4983	0.536	59.551	3230288	1416639	47.269
20091FL-01-01-19	112211	9299	3409	0.367	5.607	273192	68581	1.000
20091FL-01-01-19	112211	9299	3409	0.367	5.607	273192	68581	1.000
20091FL-01-01-20	112211	9299	3488	0.375	4.248	202891	54605	0.000
20091FL-01-01-20	112211	9299	3488	0.375	4.248	202891	54605	0.000
20091FL-01-01-21	112211	9299	623	0.067	15.926	134185	22532	0.000
20091FL-01-01-21	112211	9299	623	0.067	15.926	134185	22532	0.000
20091FL-01-01-22	112211	9299	985	0.106	5.580	61551	13290	0.000
20091FL-01-01-22	112211	9299	985	0.106	5.580	61551	13290	0.000
20091FL-01-01-23	112211	9299	412	0.044	12.163	85529	9861	0.000
20091FL-01-01-23	112211	9299	412	0.044	12.163	85529	9861	0.000
20091FL-01-01-24	112211	9299	379	0.041	19.404	127365	17574	0.000
20091FL-01-01-24	112211	9299	379	0.041	19.404	127365	17574	0.000
20091FL-01-01-13	105623	3804	971	0.255	2.304	19932	6257	0.000
20091FL-01-01-13	105623	3804	971	0.255	2.304	19932	6257	0.000
20091FL-01-01-14	105623	3804	1254	0.330	2.547	33924	11238	1.000
20091FL-01-01-14	105623	3804	1254	0.330	2.547	33924	11238	1.000
20091FL-01-01-15	105623	3804	848	0.223	2.413	18959	5522	0.000
20091FL-01-01-15	105623	3804	848	0.223	2.413	18959	5522	0.000
20091FL-01-01-17	105623	3804	1373	0.361	2.476	36796	14092	2.086
20091FL-01-01-17	105623	3804	1373	0.361	2.476	36796	14092	2.086
20091FL-01-01-18	105623	3804	1637	0.430	2.810	61486	23938	2.188
20091FL-01-01-18	105623	3804	1637	0.430	2.810	61486	23938	2.188
20091FL-01-01-19	105623	3804	1789	0.470	19.706	302011	186405	19.016
20091FL-01-01-19	105623	3804	1789	0.470	19.706	302011	186405	19.016
20091FL-01-01-20	105623	3804	2244	0.590	41.711	1493681	728326	30.735
20091FL-01-01-20	105623	3804	2244	0.590	41.711	1493681	728326	30.735
20091FL-01-01-21	105623	3804	979	0.257	9.822	88348	30528	0.000
20091FL-01-01-21	105623	3804	979	0.257	9.822	88348	30528	0.000
20091FL-01-01-22	105623	3804	1410	0.371	22.049	242171	124376	2.263
20091FL-01-01-22	105623	3804	1410	0.371	22.049	242171	124376	2.263
20091FL-01-01-23	105623	3804	983	0.258	5.662	70675	17451	0.000
20091FL-01-01-23	105623	3804	983	0.258	5.662	70675	17451	0.000
20091FL-01-01-24	105623	3804	1875	0.493	28.366	1110847	350371	9.944
20091FL-01-01-24	105623	3804	1875	0.493	28.366	1110847	350371	9.944
20091FL-01-01-13	116156	1995	819	0.411	19.111	81983	35017	0.000
20091FL-01-01-13	116156	1995	819	0.411	19.111	81983	35017	0.000
20091FL-01-01-14	116156	1995	747	0.374	8.834	33081	14206	0.000
20091FL-01-01-14	116156	1995	747	0.374	8.834	33081	14206	0.000
20091FL-01-01-15	116156	1995	755	0.378	14.694	64420	23081	0.000
20091FL-01-01-15	116156	1995	755	0.378	14.694	64420	23081	0.000
20091FL-01-01-17	116156	1995	1246	0.625	5.039	46787	19612	1.000
20091FL-01-01-17	116156	1995	1246	0.625	5.039	46787	19612	1.000
20091FL-01-01-18	116156	1995	737	0.369	7.259	31525	12306	0.000
20091FL-01-01-18	116156	1995	737	0.369	7.259	31525	12306	0.000
20091FL-01-01-19	116156	1995	1420	0.712	14.081	160780	71404	6.963
20091FL-01-01-19	116156	1995	1420	0.712	14.081	160780	71404	6.963
20091FL-01-01-20	116156	1995	1587	0.795	8.461	171676	69695	6.066
20091FL-01-01-20	116156	1995	1587	0.795	8.461	171676	69695	6.066
20091FL-01-01-21	116156	1995	990	0.496	21.656	141420	53399	0.000
20091FL-01-01-21	116156	1995	990	0.496	21.656	141420	53399	0.000
20091FL-01-01-22	116156	1995	771	0.386	15.150	68144	27258	0.000
20091FL-01-01-22	116156	1995	771	0.386	15.150	68144	27258	0.000
20091FL-01-01-23	116156	1995	772	0.387	12.230	72478	21026	0.000
20091FL-01-01-23	116156	1995	772	0.387	12.230	72478	21026	0.000
20091FL-01-01-24	116156	1995	1150	0.576	16.512	194382	57188	1.789
20091FL-01-01-24	116156	1995	1150	0.576	16.512	194382	57188	1.789
20091FL-01-01-13	108051	4596	1990	0.433	22.500	247059	136277	0.000
20091FL-01-01-13	108051	4596	1990	0.433	22.500	247059	136277	0.000
20091FL-01-01-14	108051	4596	2583	0.562	4.546	106161	48887	3.798
20091FL-01-01-14	108051	4596	2583	0.562	4.546	106161	48887	3.798
20091FL-01-01-15	108051	4596	1484	0.323	32.023	252225	113687	0.000
20091FL-01-01-15	108051	4596	1484	0.323	32.023	252225	113687	0.000
20091FL-01-01-17	108051	4596	2878	0.626	9.557	250514	131839	10.114
20091FL-01-01-17	108051	4596	2878	0.626	9.557	250514	131839	10.114
20091FL-01-01-18	108051	4596	2511	0.546	4.188	103017	43993	2.420
20091FL-01-01-18	108051	4596	2511	0.546	4.188	103017	43993	2.420
20091FL-01-01-19	108051	4596	2054	0.447	11.870	176868	83614	5.532
20091FL-01-01-19	108051	4596	2054	0.447	11.870	176868	83614	5.532
20091FL-01-01-20	108051	4596	2309	0.502	8.250	244162	95963	4.543
20091FL-01-01-20	108051	4596	2309	0.502	8.250	244162	95963	4.543
20091FL-01-01-21	108051	4596	1303	0.284	19.802	149369	69150	0.000
20091FL-01-01-21	108051	4596	1303	0.284	19.802	149369	69150	0.000
20091FL-01-01-22	108051	4596	1132	0.246	10.393	92629	36575	0.000
20091FL-01-01-22	108051	4596	1132	0.246	10.393	92629	36575	0.000
20091FL-01-01-23	108051	4596	859	0.187	11.772	71967	24343	0.000
20091FL-01-01-23	108051	4596	859	0.187	11.772	71967	24343	0.000
20091FL-01-01-24	108051	4596	1449	0.315	18.234	306629	98505	0.000
20091FL-01-01-24	108051	4596	1449	0.315	18.234	306629	98505	0.000
